{
    "log_level": "info",
    
    "swap_bytes": {
        "in": true,   
        "out": false  
    },

    "nos": {
        "uri": "tcp://127.0.0.1:12000",
        "node": "eps",
        "i2c_bus": "i2c_0",
        "time_bus": "command",
        "tick_ms": 1000
    },

    "eps" : {
        "address": 43, 
        "version": {
            "firmware": 2012,
            "revision": 2
        },
        
        "daughterboard" : {
            "connected": true,
            "firmware": 2013,
            "revision": 1
        },

        "switch": [false, false, false, false, false, false, false, false, false, false],
        "tlm": {
            "0xe110": {"value": 20.25, "adc": [0.0250,       -0.069905098]},  
            "0xe114": {"value":  2.25, "adc": [0.9785,        1.77603005]},   
            "0xe115": {"value":  2.75, "adc": [0.9807,        3.218265628]},  
            "0xe118": {"value":  5.00, "adc": [0.4963,       -273.15]},       
            "0xe119": {"value": 10.00, "adc": [0.4963,       -273.15]},      
            "0xe11c": {"value":   100, "adc": [512,           0.0]},          
            "0xe11d": {"value":   775, "adc": [512,           0.0]},          

            "0xe120": {"value":  0.00, "adc": [0.0242,        0.335439976]},  
            "0xe124": {"value":  0.00, "adc": [1.0419,       -18.14088122]},  
            "0xe125": {"value":  0.00, "adc": [0.9384,        8.821566144]},  
            "0xe128": {"value":  0.00, "adc": [0.4963,       -273.15]},      
            "0xe129": {"value":  0.00, "adc": [0.4963,       -273.15]},      
            "0xe12c": {"value":     0, "adc": [512,           0.0]},          
            "0xe12d": {"value":     0, "adc": [512,           0.0]},         

            "0xe130": {"value":  0.00, "adc": [0.0099,        0.03745770]},   
            "0xe134": {"value":  0.00, "adc": [0.9805,       -5.390965407]},  
            "0xe135": {"value":  0.00, "adc": [0.9761,       -0.997164069]},  
            "0xe138": {"value":  0.00, "adc": [0.4963,       -273.15]},       
            "0xe139": {"value":  0.00, "adc": [0.4963,       -273.15]},       
            "0xe13c": {"value":     0, "adc": [512,           0.0]},          
            "0xe13d": {"value":     0, "adc": [512,           0.0]},          

            "0xe140": {"value":  0.00, "adc": [0.0249,        0.0]},          
            "0xe144": {"value":  0.00, "adc": [0.0009775,     0.0]},          
            "0xe145": {"value":  0.00, "adc": [0.0009775,     0.0]},          
            "0xe148": {"value":  0.00, "adc": [0.4963,       -273.15]},       
            "0xe149": {"value":  0.00, "adc": [0.4963,       -273.15]},       
            "0xe14c": {"value":     0, "adc": [512,           0.0]},          
            "0xe14d": {"value":     0, "adc": [512,           0.0]},          

            "0xe150": {"value":  10.00, "adc": [0.0249,        0.0]},         
            "0xe154": {"value":  2.00, "adc": [0.0009775,     0.0]},          
            "0xe155": {"value":  3.00, "adc": [0.0009775,     0.0]},          
            "0xe158": {"value":  0.00, "adc": [0.4963,       -273.15]},       
            "0xe159": {"value":  0.00, "adc": [0.4963,       -273.15]},       
            "0xe15c": {"value":     0, "adc": [512,           0.0]},          
            "0xe15d": {"value":     0, "adc": [512,           0.0]},          

            "0xe234": {"value":  1.20, "adc": [2.06,         -6.078449002]},  
            "0xe230": {"value": 12.10, "adc": [0.009,         4.013]},        
            "0xe224": {"value":  4.20, "adc": [5.297,        -15.14973264]},  
            "0xe220": {"value":  7.70, "adc": [0.009535,     -0.447889995]},  
            "0xe214": {"value":  4.10, "adc": [5.268,         17.02871336]},  
            "0xe210": {"value":  4.98, "adc": [0.007205,     -1.162948718]},  
            "0xe204": {"value":  3.90, "adc": [5.247,        -12.46619029]},  
            "0xe200": {"value":  3.30, "adc": [0.00549,      -0.923534014]},  

            "0xe410": {"value": 11.90, "adc": [0.0250,       -10.242]},       
            "0xe414": {"value":  1.25, "adc": [0.0013,       -7.744670749]},  
            "0xe420": {"value": 12.10, "adc": [0.02296,      -8.539259259]},  
            "0xe424": {"value":  1.50, "adc": [0.00133,      -5.843992008]},  
            "0xe430": {"value":  4.80, "adc": [0.00692,      -0.917487603]},  
            "0xe434": {"value":  1.75, "adc": [0.00132,      -3.690421648]},  
            "0xe440": {"value":  8.10, "adc": [0.005112,     -0.624585313]},  
            "0xe444": {"value":  2.00, "adc": [0.001324,     -0.146562849]},  
            "0xe450": {"value":  3.10, "adc": [0.007441624,  -1.369142132]},  
            "0xe454": {"value":  2.25, "adc": [0.001331833,  -6.096487992]},  
            "0xe460": {"value":  5.00, "adc": [0.007418782,  -1.345142132]},  
            "0xe464": {"value":  2.50, "adc": [0.001335975,  -7.937734278]},  
            "0xe470": {"value":  5.10, "adc": [0.007928,     -1.784819672]},  
            "0xe474": {"value":  2.75, "adc": [0.001344,     -2.138472187]},  
            "0xe480": {"value":  3.20, "adc": [0.005372,     -0.831581448]},  
            "0xe484": {"value":  3.00, "adc": [0.001326,     -1.586138893]},  
            "0xe490": {"value":  3.30, "adc": [0.005501,     -0.92850591]},   
            "0xe494": {"value":  3.25, "adc": [0.001337,     -1.868780037]},  
            "0xe4a0": {"value":  3.40, "adc": [0.006311,     -1.55274344]},   
            "0xe4a4": {"value":  3.50, "adc": [0.001320,     -4.740413691]},  

            "0xe284": {"value":  8.00, "adc": [14.36982316,  -18.81296305]},  
            "0xe280": {"value":  8.26, "adc": [0.009,         0.001666667]},  
            "0xe205": {"value":  3.00, "adc": [0.001327547,   0.0]},          
            "0xe215": {"value":  4.00, "adc": [0.001327547,   0.0]},          
            "0xe308": {"value": 20.00, "adc": [0.3716,       -273.4]}         
        }
    },

    "bat" : {
    }
}

